"IndicatorCode","IndicatorName","VariableName","MeasurementName","CountryCode","Alpha3Code","CountryName","PeriodCode","Value",
"43","Уровень безработицы, %","Уровень безработицы","Проценты","040","AUT","Австрия","2005","5.6",
"43","Уровень безработицы, %","Уровень безработицы","Проценты","040","AUT","Австрия","2006","5.3",
"43","Уровень безработицы, %","Уровень безработицы","Проценты","040","AUT","Австрия","2007","4.9",
"43","Уровень безработицы, %","Уровень безработицы","Проценты","040","AUT","Австрия","2008","4.1",
"43","Уровень безработицы, %","Уровень безработицы","Проценты","040","AUT","Австрия","2009","5.7",
"43","Уровень безработицы, %","Уровень безработицы","Проценты","040","AUT","Австрия","2010","5.2",
"43","Уровень безработицы, %","Уровень безработицы","Проценты","040","AUT","Австрия","2011","4.9",
"43","Уровень безработицы, %","Уровень безработицы","Проценты","040","AUT","Австрия","2012","5.2",
"43","Уровень безработицы, %","Уровень безработицы","Проценты","040","AUT","Австрия","2013","5.7",
"43","Уровень безработицы, %","Уровень безработицы","Проценты","040","AUT","Австрия","2014","6.0",
"43","Уровень безработицы, %","Уровень безработицы","Проценты","040","AUT","Австрия","2015","6.1",
"43","Уровень безработицы, %","Уровень безработицы","Проценты","040","AUT","Австрия","2016","6.5",
"43","Уровень безработицы, %","Уровень безработицы","Проценты","040","AUT","Австрия","2017","5.9",
"43","Уровень безработицы, %","Уровень безработицы","Проценты","040","AUT","Австрия","2018","5.2",
"43","Уровень безработицы, %","Уровень безработицы","Проценты","040","AUT","Австрия","2019","4.8",
"43","Уровень безработицы, %","Уровень безработицы","Проценты","040","AUT","Австрия","2020","6.0",
"43","Уровень безработицы, %","Уровень безработицы","Проценты","031","AZE","Азербайджан","2005","7.3",
"43","Уровень безработицы, %","Уровень безработицы","Проценты","031","AZE","Азербайджан","2006","6.6",
"43","Уровень безработицы, %","Уровень безработицы","Проценты","031","AZE","Азербайджан","2007","8.6",
"43","Уровень безработицы, %","Уровень безработицы","Проценты","031","AZE","Азербайджан","2008","5.7",
"43","Уровень безработицы, %","Уровень безработицы","Проценты","031","AZE","Азербайджан","2009","5.8",
"43","Уровень безработицы, %","Уровень безработицы","Проценты","031","AZE","Азербайджан","2010","5.7",
"43","Уровень безработицы, %","Уровень безработицы","Проценты","031","AZE","Азербайджан","2011","5.5",
"43","Уровень безработицы, %","Уровень безработицы","Проценты","031","AZE","Азербайджан","2012","5.3",
"43","Уровень безработицы, %","Уровень безработицы","Проценты","031","AZE","Азербайджан","2013","5.1",
"43","Уровень безработицы, %","Уровень безработицы","Проценты","031","AZE","Азербайджан","2014","4.9",
"43","Уровень безработицы, %","Уровень безработицы","Проценты","031","AZE","Азербайджан","2015","5.0",
"43","Уровень безработицы, %","Уровень безработицы","Проценты","031","AZE","Азербайджан","2016","5.5",
"43","Уровень безработицы, %","Уровень безработицы","Проценты","031","AZE","Азербайджан","2017","5.0",
"43","Уровень безработицы, %","Уровень безработицы","Проценты","031","AZE","Азербайджан","2018","..",
"43","Уровень безработицы, %","Уровень безработицы","Проценты","031","AZE","Азербайджан","2019","..",
"43","Уровень безработицы, %","Уровень безработицы","Проценты","031","AZE","Азербайджан","2020","..",
"43","Уровень безработицы, %","Уровень безработицы","Проценты","008","ALB","Албания","2005","14.1",
"43","Уровень безработицы, %","Уровень безработицы","Проценты","008","ALB","Албания","2006","13.8",
"43","Уровень безработицы, %","Уровень безработицы","Проценты","008","ALB","Албания","2007","13.4",
"43","Уровень безработицы, %","Уровень безработицы","Проценты","008","ALB","Албания","2008","13.1",
"43","Уровень безработицы, %","Уровень безработицы","Проценты","008","ALB","Албания","2009","13.8",
"43","Уровень безработицы, %","Уровень безработицы","Проценты","008","ALB","Албания","2010","14.0",
"43","Уровень безработицы, %","Уровень безработицы","Проценты","008","ALB","Албания","2011","14.0",
"43","Уровень безработицы, %","Уровень безработицы","Проценты","008","ALB","Албания","2012","13.4",
"43","Уровень безработицы, %","Уровень безработицы","Проценты","008","ALB","Албания","2013","15.9",
"43","Уровень безработицы, %","Уровень безработицы","Проценты","008","ALB","Албания","2014","17.5",
"43","Уровень безработицы, %","Уровень безработицы","Проценты","008","ALB","Албания","2015","17.1",
"43","Уровень безработицы, %","Уровень безработицы","Проценты","008","ALB","Албания","2016","15.2",
"43","Уровень безработицы, %","Уровень безработицы","Проценты","008","ALB","Албания","2017","13.8",
"43","Уровень безработицы, %","Уровень безработицы","Проценты","008","ALB","Албания","2018","12.4",
"43","Уровень безработицы, %","Уровень безработицы","Проценты","008","ALB","Албания","2019","11.6",
"43","Уровень безработицы, %","Уровень безработицы","Проценты","008","ALB","Албания","2020","..",
"43","Уровень безработицы, %","Уровень безработицы","Проценты","051","ARM","Армения","2005","8.6",
"43","Уровень безработицы, %","Уровень безработицы","Проценты","051","ARM","Армения","2006","7.5",
"43","Уровень безработицы, %","Уровень безработицы","Проценты","051","ARM","Армения","2007","7.1",
"43","Уровень безработицы, %","Уровень безработицы","Проценты","051","ARM","Армения","2008","6.3",
"43","Уровень безработицы, %","Уровень безработицы","Проценты","051","ARM","Армения","2009","6.8",
"43","Уровень безработицы, %","Уровень безработицы","Проценты","051","ARM","Армения","2010","7.0",
"43","Уровень безработицы, %","Уровень безработицы","Проценты","051","ARM","Армения","2011","6.2",
"43","Уровень безработицы, %","Уровень безработицы","Проценты","051","ARM","Армения","2012","17.3",
"43","Уровень безработицы, %","Уровень безработицы","Проценты","051","ARM","Армения","2013","16.0",
"43","Уровень безработицы, %","Уровень безработицы","Проценты","051","ARM","Армения","2014","17.5",
"43","Уровень безработицы, %","Уровень безработицы","Проценты","051","ARM","Армения","2015","18.0",
"43","Уровень безработицы, %","Уровень безработицы","Проценты","051","ARM","Армения","2016","17.8",
"43","Уровень безработицы, %","Уровень безработицы","Проценты","051","ARM","Армения","2017","17.8",
"43","Уровень безработицы, %","Уровень безработицы","Проценты","051","ARM","Армения","2018","16.4",
"43","Уровень безработицы, %","Уровень безработицы","Проценты","051","ARM","Армения","2019","..",
"43","Уровень безработицы, %","Уровень безработицы","Проценты","051","ARM","Армения","2020","..",
"43","Уровень безработицы, %","Уровень безработицы","Проценты","112","BLR","Беларусь","2005","..",
"43","Уровень безработицы, %","Уровень безработицы","Проценты","112","BLR","Беларусь","2006","..",
"43","Уровень безработицы, %","Уровень безработицы","Проценты","112","BLR","Беларусь","2007","..",
"43","Уровень безработицы, %","Уровень безработицы","Проценты","112","BLR","Беларусь","2008","..",
"43","Уровень безработицы, %","Уровень безработицы","Проценты","112","BLR","Беларусь","2009","..",
"43","Уровень безработицы, %","Уровень безработицы","Проценты","112","BLR","Беларусь","2010","..",
"43","Уровень безработицы, %","Уровень безработицы","Проценты","112","BLR","Беларусь","2011","..",
"43","Уровень безработицы, %","Уровень безработицы","Проценты","112","BLR","Беларусь","2012","..",
"43","Уровень безработицы, %","Уровень безработицы","Проценты","112","BLR","Беларусь","2013","..",
"43","Уровень безработицы, %","Уровень безработицы","Проценты","112","BLR","Беларусь","2014","5.1",
"43","Уровень безработицы, %","Уровень безработицы","Проценты","112","BLR","Беларусь","2015","5.2",
"43","Уровень безработицы, %","Уровень безработицы","Проценты","112","BLR","Беларусь","2016","5.8",
"43","Уровень безработицы, %","Уровень безработицы","Проценты","112","BLR","Беларусь","2017","5.7",
"43","Уровень безработицы, %","Уровень безработицы","Проценты","112","BLR","Беларусь","2018","4.8",
"43","Уровень безработицы, %","Уровень безработицы","Проценты","112","BLR","Беларусь","2019","4.2",
"43","Уровень безработицы, %","Уровень безработицы","Проценты","112","BLR","Беларусь","2020","..",
"43","Уровень безработицы, %","Уровень безработицы","Проценты","056","BEL","Бельгия","2005","8.5",
"43","Уровень безработицы, %","Уровень безработицы","Проценты","056","BEL","Бельгия","2006","8.3",
"43","Уровень безработицы, %","Уровень безработицы","Проценты","056","BEL","Бельгия","2007","7.5",
"43","Уровень безработицы, %","Уровень безработицы","Проценты","056","BEL","Бельгия","2008","7.0",
"43","Уровень безработицы, %","Уровень безработицы","Проценты","056","BEL","Бельгия","2009","8.0",
"43","Уровень безработицы, %","Уровень безработицы","Проценты","056","BEL","Бельгия","2010","8.4",
"43","Уровень безработицы, %","Уровень безработицы","Проценты","056","BEL","Бельгия","2011","7.2",
"43","Уровень безработицы, %","Уровень безработицы","Проценты","056","BEL","Бельгия","2012","7.6",
"43","Уровень безработицы, %","Уровень безработицы","Проценты","056","BEL","Бельгия","2013","8.6",
"43","Уровень безработицы, %","Уровень безработицы","Проценты","056","BEL","Бельгия","2014","8.7",
"43","Уровень безработицы, %","Уровень безработицы","Проценты","056","BEL","Бельгия","2015","8.7",
"43","Уровень безработицы, %","Уровень безработицы","Проценты","056","BEL","Бельгия","2016","7.9",
"43","Уровень безработицы, %","Уровень безработицы","Проценты","056","BEL","Бельгия","2017","7.2",
"43","Уровень безработицы, %","Уровень безработицы","Проценты","056","BEL","Бельгия","2018","6.0",
"43","Уровень безработицы, %","Уровень безработицы","Проценты","056","BEL","Бельгия","2019","5.5",
"43","Уровень безработицы, %","Уровень безработицы","Проценты","056","BEL","Бельгия","2020","5.8",
"43","Уровень безработицы, %","Уровень безработицы","Проценты","100","BGR","Болгария","2005","10.1",
"43","Уровень безработицы, %","Уровень безработицы","Проценты","100","BGR","Болгария","2006","9.0",
"43","Уровень безработицы, %","Уровень безработицы","Проценты","100","BGR","Болгария","2007","6.9",
"43","Уровень безработицы, %","Уровень безработицы","Проценты","100","BGR","Болгария","2008","5.6",
"43","Уровень безработицы, %","Уровень безработицы","Проценты","100","BGR","Болгария","2009","7.9",
"43","Уровень безработицы, %","Уровень безработицы","Проценты","100","BGR","Болгария","2010","11.3",
"43","Уровень безработицы, %","Уровень безработицы","Проценты","100","BGR","Болгария","2011","12.3",
"43","Уровень безработицы, %","Уровень безработицы","Проценты","100","BGR","Болгария","2012","13.3",
"43","Уровень безработицы, %","Уровень безработицы","Проценты","100","BGR","Болгария","2013","13.9",
"43","Уровень безработицы, %","Уровень безработицы","Проценты","100","BGR","Болгария","2014","12.4",
"43","Уровень безработицы, %","Уровень безработицы","Проценты","100","BGR","Болгария","2015","10.1",
"43","Уровень безработицы, %","Уровень безработицы","Проценты","100","BGR","Болгария","2016","8.6",
"43","Уровень безработицы, %","Уровень безработицы","Проценты","100","BGR","Болгария","2017","7.2",
"43","Уровень безработицы, %","Уровень безработицы","Проценты","100","BGR","Болгария","2018","6.2",
"43","Уровень безработицы, %","Уровень безработицы","Проценты","100","BGR","Болгария","2019","5.2",
"43","Уровень безработицы, %","Уровень безработицы","Проценты","100","BGR","Болгария","2020","6.1",
"43","Уровень безработицы, %","Уровень безработицы","Проценты","070","BIH","Босния и Герцеговина","2005","..",
"43","Уровень безработицы, %","Уровень безработицы","Проценты","070","BIH","Босния и Герцеговина","2006","31.1",
"43","Уровень безработицы, %","Уровень безработицы","Проценты","070","BIH","Босния и Герцеговина","2007","44.1",
"43","Уровень безработицы, %","Уровень безработицы","Проценты","070","BIH","Босния и Герцеговина","2008","41.5",
"43","Уровень безработицы, %","Уровень безработицы","Проценты","070","BIH","Босния и Герцеговина","2009","41.5",
"43","Уровень безработицы, %","Уровень безработицы","Проценты","070","BIH","Босния и Герцеговина","2010","42.6",
"43","Уровень безработицы, %","Уровень безработицы","Проценты","070","BIH","Босния и Герцеговина","2011","43.4",
"43","Уровень безработицы, %","Уровень безработицы","Проценты","070","BIH","Босния и Герцеговина","2012","44.2",
"43","Уровень безработицы, %","Уровень безработицы","Проценты","070","BIH","Босния и Герцеговина","2013","44.5",
"43","Уровень безработицы, %","Уровень безработицы","Проценты","070","BIH","Босния и Герцеговина","2014","43.9",
"43","Уровень безработицы, %","Уровень безработицы","Проценты","070","BIH","Босния и Герцеговина","2015","43.2",
"43","Уровень безработицы, %","Уровень безработицы","Проценты","070","BIH","Босния и Герцеговина","2016","41.8",
"43","Уровень безработицы, %","Уровень безработицы","Проценты","070","BIH","Босния и Герцеговина","2017","38.4",
"43","Уровень безработицы, %","Уровень безработицы","Проценты","070","BIH","Босния и Герцеговина","2018","36.0",
"43","Уровень безработицы, %","Уровень безработицы","Проценты","070","BIH","Босния и Герцеговина","2019","..",
"43","Уровень безработицы, %","Уровень безработицы","Проценты","070","BIH","Босния и Герцеговина","2020","..",
"43","Уровень безработицы, %","Уровень безработицы","Проценты","348","HUN","Венгрия","2005","7.2",
"43","Уровень безработицы, %","Уровень безработицы","Проценты","348","HUN","Венгрия","2006","7.5",
"43","Уровень безработицы, %","Уровень безработицы","Проценты","348","HUN","Венгрия","2007","7.4",
"43","Уровень безработицы, %","Уровень безработицы","Проценты","348","HUN","Венгрия","2008","7.8",
"43","Уровень безработицы, %","Уровень безработицы","Проценты","348","HUN","Венгрия","2009","9.7",
"43","Уровень безработицы, %","Уровень безработицы","Проценты","348","HUN","Венгрия","2010","10.8",
"43","Уровень безработицы, %","Уровень безработицы","Проценты","348","HUN","Венгрия","2011","10.7",
"43","Уровень безработицы, %","Уровень безработицы","Проценты","348","HUN","Венгрия","2012","10.7",
"43","Уровень безработицы, %","Уровень безработицы","Проценты","348","HUN","Венгрия","2013","9.8",
"43","Уровень безработицы, %","Уровень безработицы","Проценты","348","HUN","Венгрия","2014","7.5",
"43","Уровень безработицы, %","Уровень безработицы","Проценты","348","HUN","Венгрия","2015","6.6",
"43","Уровень безработицы, %","Уровень безработицы","Проценты","348","HUN","Венгрия","2016","5.0",
"43","Уровень безработицы, %","Уровень безработицы","Проценты","348","HUN","Венгрия","2017","4.0",
"43","Уровень безработицы, %","Уровень безработицы","Проценты","348","HUN","Венгрия","2018","3.6",
"43","Уровень безработицы, %","Уровень безработицы","Проценты","348","HUN","Венгрия","2019","3.3",
"43","Уровень безработицы, %","Уровень безработицы","Проценты","348","HUN","Венгрия","2020","4.1",
"43","Уровень безработицы, %","Уровень безработицы","Проценты","276","DEU","Германия","2005","11.2",
"43","Уровень безработицы, %","Уровень безработицы","Проценты","276","DEU","Германия","2006","10.3",
"43","Уровень безработицы, %","Уровень безработицы","Проценты","276","DEU","Германия","2007","8.7",
"43","Уровень безработицы, %","Уровень безработицы","Проценты","276","DEU","Германия","2008","7.5",
"43","Уровень безработицы, %","Уровень безработицы","Проценты","276","DEU","Германия","2009","7.3",
"43","Уровень безработицы, %","Уровень безработицы","Проценты","276","DEU","Германия","2010","6.6",
"43","Уровень безработицы, %","Уровень безработицы","Проценты","276","DEU","Германия","2011","5.5",
"43","Уровень безработицы, %","Уровень безработицы","Проценты","276","DEU","Германия","2012","5.1",
"43","Уровень безработицы, %","Уровень безработицы","Проценты","276","DEU","Германия","2013","5.0",
"43","Уровень безработицы, %","Уровень безработицы","Проценты","276","DEU","Германия","2014","4.7",
"43","Уровень безработицы, %","Уровень безработицы","Проценты","276","DEU","Германия","2015","4.4",
"43","Уровень безработицы, %","Уровень безработицы","Проценты","276","DEU","Германия","2016","3.9",
"43","Уровень безработицы, %","Уровень безработицы","Проценты","276","DEU","Германия","2017","3.6",
"43","Уровень безработицы, %","Уровень безработицы","Проценты","276","DEU","Германия","2018","3.2",
"43","Уровень безработицы, %","Уровень безработицы","Проценты","276","DEU","Германия","2019","3.0",
"43","Уровень безработицы, %","Уровень безработицы","Проценты","276","DEU","Германия","2020","3.7",
"43","Уровень безработицы, %","Уровень безработицы","Проценты","300","GRC","Греция","2005","10.0",
"43","Уровень безработицы, %","Уровень безработицы","Проценты","300","GRC","Греция","2006","9.0",
"43","Уровень безработицы, %","Уровень безработицы","Проценты","300","GRC","Греция","2007","8.4",
"43","Уровень безработицы, %","Уровень безработицы","Проценты","300","GRC","Греция","2008","7.8",
"43","Уровень безработицы, %","Уровень безработицы","Проценты","300","GRC","Греция","2009","9.8",
"43","Уровень безработицы, %","Уровень безработицы","Проценты","300","GRC","Греция","2010","12.9",
"43","Уровень безработицы, %","Уровень безработицы","Проценты","300","GRC","Греция","2011","18.1",
"43","Уровень безработицы, %","Уровень безработицы","Проценты","300","GRC","Греция","2012","24.8",
"43","Уровень безработицы, %","Уровень безработицы","Проценты","300","GRC","Греция","2013","27.8",
"43","Уровень безработицы, %","Уровень безработицы","Проценты","300","GRC","Греция","2014","26.6",
"43","Уровень безработицы, %","Уровень безработицы","Проценты","300","GRC","Греция","2015","25.0",
"43","Уровень безработицы, %","Уровень безработицы","Проценты","300","GRC","Греция","2016","23.9",
"43","Уровень безработицы, %","Уровень безработицы","Проценты","300","GRC","Греция","2017","21.8",
"43","Уровень безработицы, %","Уровень безработицы","Проценты","300","GRC","Греция","2018","19.7",
"43","Уровень безработицы, %","Уровень безработицы","Проценты","300","GRC","Греция","2019","17.9",
"43","Уровень безработицы, %","Уровень безработицы","Проценты","300","GRC","Греция","2020","17.6",
"43","Уровень безработицы, %","Уровень безработицы","Проценты","268","GEO","Грузия","2005","15.1",
"43","Уровень безработицы, %","Уровень безработицы","Проценты","268","GEO","Грузия","2006","15.4",
"43","Уровень безработицы, %","Уровень безработицы","Проценты","268","GEO","Грузия","2007","17.4",
"43","Уровень безработицы, %","Уровень безработицы","Проценты","268","GEO","Грузия","2008","17.9",
"43","Уровень безработицы, %","Уровень безработицы","Проценты","268","GEO","Грузия","2009","18.3",
"43","Уровень безработицы, %","Уровень безработицы","Проценты","268","GEO","Грузия","2010","17.4",
"43","Уровень безработицы, %","Уровень безработицы","Проценты","268","GEO","Грузия","2011","17.3",
"43","Уровень безработицы, %","Уровень безработицы","Проценты","268","GEO","Грузия","2012","17.2",
"43","Уровень безработицы, %","Уровень безработицы","Проценты","268","GEO","Грузия","2013","16.9",
"43","Уровень безработицы, %","Уровень безработицы","Проценты","268","GEO","Грузия","2014","14.6",
"43","Уровень безработицы, %","Уровень безработицы","Проценты","268","GEO","Грузия","2015","14.1",
"43","Уровень безработицы, %","Уровень безработицы","Проценты","268","GEO","Грузия","2016","14.0",
"43","Уровень безработицы, %","Уровень безработицы","Проценты","268","GEO","Грузия","2017","13.9",
"43","Уровень безработицы, %","Уровень безработицы","Проценты","268","GEO","Грузия","2018","12.7",
"43","Уровень безработицы, %","Уровень безработицы","Проценты","268","GEO","Грузия","2019","11.6",
"43","Уровень безработицы, %","Уровень безработицы","Проценты","268","GEO","Грузия","2020","..",
"43","Уровень безработицы, %","Уровень безработицы","Проценты","208","DNK","Дания","2005","4.8",
"43","Уровень безработицы, %","Уровень безработицы","Проценты","208","DNK","Дания","2006","3.9",
"43","Уровень безработицы, %","Уровень безработицы","Проценты","208","DNK","Дания","2007","3.8",
"43","Уровень безработицы, %","Уровень безработицы","Проценты","208","DNK","Дания","2008","3.7",
"43","Уровень безработицы, %","Уровень безработицы","Проценты","208","DNK","Дания","2009","6.4",
"43","Уровень безработицы, %","Уровень безработицы","Проценты","208","DNK","Дания","2010","7.7",
"43","Уровень безработицы, %","Уровень безработицы","Проценты","208","DNK","Дания","2011","7.8",
"43","Уровень безработицы, %","Уровень безработицы","Проценты","208","DNK","Дания","2012","7.8",
"43","Уровень безработицы, %","Уровень безработицы","Проценты","208","DNK","Дания","2013","7.4",
"43","Уровень безработицы, %","Уровень безработицы","Проценты","208","DNK","Дания","2014","6.9",
"43","Уровень безработицы, %","Уровень безработицы","Проценты","208","DNK","Дания","2015","6.3",
"43","Уровень безработицы, %","Уровень безработицы","Проценты","208","DNK","Дания","2016","6.0",
"43","Уровень безработицы, %","Уровень безработицы","Проценты","208","DNK","Дания","2017","5.8",
"43","Уровень безработицы, %","Уровень безработицы","Проценты","208","DNK","Дания","2018","5.1",
"43","Уровень безработицы, %","Уровень безработицы","Проценты","208","DNK","Дания","2019","5.0",
"43","Уровень безработицы, %","Уровень безработицы","Проценты","208","DNK","Дания","2020","5.6",
"43","Уровень безработицы, %","Уровень безработицы","Проценты","376","ISR","Израиль","2005","9.0",
"43","Уровень безработицы, %","Уровень безработицы","Проценты","376","ISR","Израиль","2006","8.4",
"43","Уровень безработицы, %","Уровень безработицы","Проценты","376","ISR","Израиль","2007","7.3",
"43","Уровень безработицы, %","Уровень безработицы","Проценты","376","ISR","Израиль","2008","6.1",
"43","Уровень безработицы, %","Уровень безработицы","Проценты","376","ISR","Израиль","2009","7.5",
"43","Уровень безработицы, %","Уровень безработицы","Проценты","376","ISR","Израиль","2010","6.6",
"43","Уровень безработицы, %","Уровень безработицы","Проценты","376","ISR","Израиль","2011","5.6",
"43","Уровень безработицы, %","Уровень безработицы","Проценты","376","ISR","Израиль","2012","6.9",
"43","Уровень безработицы, %","Уровень безработицы","Проценты","376","ISR","Израиль","2013","6.3",
"43","Уровень безработицы, %","Уровень безработицы","Проценты","376","ISR","Израиль","2014","5.9",
"43","Уровень безработицы, %","Уровень безработицы","Проценты","376","ISR","Израиль","2015","5.2",
"43","Уровень безработицы, %","Уровень безработицы","Проценты","376","ISR","Израиль","2016","4.8",
"43","Уровень безработицы, %","Уровень безработицы","Проценты","376","ISR","Израиль","2017","4.2",
"43","Уровень безработицы, %","Уровень безработицы","Проценты","376","ISR","Израиль","2018","4.0",
"43","Уровень безработицы, %","Уровень безработицы","Проценты","376","ISR","Израиль","2019","..",
"43","Уровень безработицы, %","Уровень безработицы","Проценты","376","ISR","Израиль","2020","..",
"43","Уровень безработицы, %","Уровень безработицы","Проценты","372","IRL","Ирландия","2005","4.6",
"43","Уровень безработицы, %","Уровень безработицы","Проценты","372","IRL","Ирландия","2006","4.8",
"43","Уровень безработицы, %","Уровень безработицы","Проценты","372","IRL","Ирландия","2007","5.0",
"43","Уровень безработицы, %","Уровень безработицы","Проценты","372","IRL","Ирландия","2008","6.8",
"43","Уровень безработицы, %","Уровень безработицы","Проценты","372","IRL","Ирландия","2009","12.6",
"43","Уровень безработицы, %","Уровень безработицы","Проценты","372","IRL","Ирландия","2010","14.6",
"43","Уровень безработицы, %","Уровень безработицы","Проценты","372","IRL","Ирландия","2011","15.4",
"43","Уровень безработицы, %","Уровень безработицы","Проценты","372","IRL","Ирландия","2012","15.5",
"43","Уровень безработицы, %","Уровень безработицы","Проценты","372","IRL","Ирландия","2013","13.8",
"43","Уровень безработицы, %","Уровень безработицы","Проценты","372","IRL","Ирландия","2014","11.9",
"43","Уровень безработицы, %","Уровень безработицы","Проценты","372","IRL","Ирландия","2015","9.9",
"43","Уровень безработицы, %","Уровень безработицы","Проценты","372","IRL","Ирландия","2016","8.4",
"43","Уровень безработицы, %","Уровень безработицы","Проценты","372","IRL","Ирландия","2017","6.7",
"43","Уровень безработицы, %","Уровень безработицы","Проценты","372","IRL","Ирландия","2018","5.8",
"43","Уровень безработицы, %","Уровень безработицы","Проценты","372","IRL","Ирландия","2019","5.0",
"43","Уровень безработицы, %","Уровень безработицы","Проценты","372","IRL","Ирландия","2020","5.9",
"43","Уровень безработицы, %","Уровень безработицы","Проценты","352","ISL","Исландия","2005","2.5",
"43","Уровень безработицы, %","Уровень безработицы","Проценты","352","ISL","Исландия","2006","2.8",
"43","Уровень безработицы, %","Уровень безработицы","Проценты","352","ISL","Исландия","2007","2.3",
"43","Уровень безработицы, %","Уровень безработицы","Проценты","352","ISL","Исландия","2008","2.9",
"43","Уровень безработицы, %","Уровень безработицы","Проценты","352","ISL","Исландия","2009","7.2",
"43","Уровень безработицы, %","Уровень безработицы","Проценты","352","ISL","Исландия","2010","7.6",
"43","Уровень безработицы, %","Уровень безработицы","Проценты","352","ISL","Исландия","2011","7.0",
"43","Уровень безработицы, %","Уровень безработицы","Проценты","352","ISL","Исландия","2012","6.0",
"43","Уровень безработицы, %","Уровень безработицы","Проценты","352","ISL","Исландия","2013","5.4",
"43","Уровень безработицы, %","Уровень безработицы","Проценты","352","ISL","Исландия","2014","4.9",
"43","Уровень безработицы, %","Уровень безработицы","Проценты","352","ISL","Исландия","2015","4.0",
"43","Уровень безработицы, %","Уровень безработицы","Проценты","352","ISL","Исландия","2016","3.0",
"43","Уровень безработицы, %","Уровень безработицы","Проценты","352","ISL","Исландия","2017","2.7",
"43","Уровень безработицы, %","Уровень безработицы","Проценты","352","ISL","Исландия","2018","2.7",
"43","Уровень безработицы, %","Уровень безработицы","Проценты","352","ISL","Исландия","2019","3.5",
"43","Уровень безработицы, %","Уровень безработицы","Проценты","352","ISL","Исландия","2020","5.5",
"43","Уровень безработицы, %","Уровень безработицы","Проценты","724","ESP","Испания","2005","9.2",
"43","Уровень безработицы, %","Уровень безработицы","Проценты","724","ESP","Испания","2006","8.5",
"43","Уровень безработицы, %","Уровень безработицы","Проценты","724","ESP","Испания","2007","8.2",
"43","Уровень безработицы, %","Уровень безработицы","Проценты","724","ESP","Испания","2008","11.3",
"43","Уровень безработицы, %","Уровень безработицы","Проценты","724","ESP","Испания","2009","17.9",
"43","Уровень безработицы, %","Уровень безработицы","Проценты","724","ESP","Испания","2010","19.9",
"43","Уровень безработицы, %","Уровень безработицы","Проценты","724","ESP","Испания","2011","21.4",
"43","Уровень безработицы, %","Уровень безработицы","Проценты","724","ESP","Испания","2012","24.8",
"43","Уровень безработицы, %","Уровень безработицы","Проценты","724","ESP","Испания","2013","26.1",
"43","Уровень безработицы, %","Уровень безработицы","Проценты","724","ESP","Испания","2014","24.5",
"43","Уровень безработицы, %","Уровень безработицы","Проценты","724","ESP","Испания","2015","22.1",
"43","Уровень безработицы, %","Уровень безработицы","Проценты","724","ESP","Испания","2016","19.6",
"43","Уровень безработицы, %","Уровень безработицы","Проценты","724","ESP","Испания","2017","17.2",
"43","Уровень безработицы, %","Уровень безработицы","Проценты","724","ESP","Испания","2018","15.3",
"43","Уровень безработицы, %","Уровень безработицы","Проценты","724","ESP","Испания","2019","14.1",
"43","Уровень безработицы, %","Уровень безработицы","Проценты","724","ESP","Испания","2020","15.5",
"43","Уровень безработицы, %","Уровень безработицы","Проценты","380","ITA","Италия","2005","7.7",
"43","Уровень безработицы, %","Уровень безработицы","Проценты","380","ITA","Италия","2006","6.8",
"43","Уровень безработицы, %","Уровень безработицы","Проценты","380","ITA","Италия","2007","6.1",
"43","Уровень безработицы, %","Уровень безработицы","Проценты","380","ITA","Италия","2008","6.7",
"43","Уровень безработицы, %","Уровень безработицы","Проценты","380","ITA","Италия","2009","7.9",
"43","Уровень безработицы, %","Уровень безработицы","Проценты","380","ITA","Италия","2010","8.5",
"43","Уровень безработицы, %","Уровень безработицы","Проценты","380","ITA","Италия","2011","8.5",
"43","Уровень безработицы, %","Уровень безработицы","Проценты","380","ITA","Италия","2012","10.9",
"43","Уровень безработицы, %","Уровень безработицы","Проценты","380","ITA","Италия","2013","12.4",
"43","Уровень безработицы, %","Уровень безработицы","Проценты","380","ITA","Италия","2014","12.9",
"43","Уровень безработицы, %","Уровень безработицы","Проценты","380","ITA","Италия","2015","12.0",
"43","Уровень безработицы, %","Уровень безработицы","Проценты","380","ITA","Италия","2016","11.7",
"43","Уровень безработицы, %","Уровень безработицы","Проценты","380","ITA","Италия","2017","11.3",
"43","Уровень безработицы, %","Уровень безработицы","Проценты","380","ITA","Италия","2018","10.6",
"43","Уровень безработицы, %","Уровень безработицы","Проценты","380","ITA","Италия","2019","9.9",
"43","Уровень безработицы, %","Уровень безработицы","Проценты","380","ITA","Италия","2020","9.3",
"43","Уровень безработицы, %","Уровень безработицы","Проценты","398","KAZ","Казахстан","2005","8.1",
"43","Уровень безработицы, %","Уровень безработицы","Проценты","398","KAZ","Казахстан","2006","7.8",
"43","Уровень безработицы, %","Уровень безработицы","Проценты","398","KAZ","Казахстан","2007","7.3",
"43","Уровень безработицы, %","Уровень безработицы","Проценты","398","KAZ","Казахстан","2008","6.6",
"43","Уровень безработицы, %","Уровень безработицы","Проценты","398","KAZ","Казахстан","2009","6.6",
"43","Уровень безработицы, %","Уровень безработицы","Проценты","398","KAZ","Казахстан","2010","5.8",
"43","Уровень безработицы, %","Уровень безработицы","Проценты","398","KAZ","Казахстан","2011","5.4",
"43","Уровень безработицы, %","Уровень безработицы","Проценты","398","KAZ","Казахстан","2012","5.3",
"43","Уровень безработицы, %","Уровень безработицы","Проценты","398","KAZ","Казахстан","2013","5.2",
"43","Уровень безработицы, %","Уровень безработицы","Проценты","398","KAZ","Казахстан","2014","5.0",
"43","Уровень безработицы, %","Уровень безработицы","Проценты","398","KAZ","Казахстан","2015","5.0",
"43","Уровень безработицы, %","Уровень безработицы","Проценты","398","KAZ","Казахстан","2016","5.0",
"43","Уровень безработицы, %","Уровень безработицы","Проценты","398","KAZ","Казахстан","2017","4.9",
"43","Уровень безработицы, %","Уровень безработицы","Проценты","398","KAZ","Казахстан","2018","4.9",
"43","Уровень безработицы, %","Уровень безработицы","Проценты","398","KAZ","Казахстан","2019","4.8",
"43","Уровень безработицы, %","Уровень безработицы","Проценты","398","KAZ","Казахстан","2020","..",
"43","Уровень безработицы, %","Уровень безработицы","Проценты","124","CAN","Канада","2005","6.8",
"43","Уровень безработицы, %","Уровень безработицы","Проценты","124","CAN","Канада","2006","6.3",
"43","Уровень безработицы, %","Уровень безработицы","Проценты","124","CAN","Канада","2007","6.0",
"43","Уровень безработицы, %","Уровень безработицы","Проценты","124","CAN","Канада","2008","6.1",
"43","Уровень безработицы, %","Уровень безработицы","Проценты","124","CAN","Канада","2009","8.3",
"43","Уровень безработицы, %","Уровень безработицы","Проценты","124","CAN","Канада","2010","8.1",
"43","Уровень безработицы, %","Уровень безработицы","Проценты","124","CAN","Канада","2011","7.5",
"43","Уровень безработицы, %","Уровень безработицы","Проценты","124","CAN","Канада","2012","7.3",
"43","Уровень безработицы, %","Уровень безработицы","Проценты","124","CAN","Канада","2013","7.1",
"43","Уровень безработицы, %","Уровень безработицы","Проценты","124","CAN","Канада","2014","6.9",
"43","Уровень безработицы, %","Уровень безработицы","Проценты","124","CAN","Канада","2015","6.9",
"43","Уровень безработицы, %","Уровень безработицы","Проценты","124","CAN","Канада","2016","7.0",
"43","Уровень безработицы, %","Уровень безработицы","Проценты","124","CAN","Канада","2017","6.3",
"43","Уровень безработицы, %","Уровень безработицы","Проценты","124","CAN","Канада","2018","5.8",
"43","Уровень безработицы, %","Уровень безработицы","Проценты","124","CAN","Канада","2019","..",
"43","Уровень безработицы, %","Уровень безработицы","Проценты","124","CAN","Канада","2020","..",
"43","Уровень безработицы, %","Уровень безработицы","Проценты","196","CYP","Кипр","2005","5.3",
"43","Уровень безработицы, %","Уровень безработицы","Проценты","196","CYP","Кипр","2006","4.6",
"43","Уровень безработицы, %","Уровень безработицы","Проценты","196","CYP","Кипр","2007","3.9",
"43","Уровень безработицы, %","Уровень безработицы","Проценты","196","CYP","Кипр","2008","3.7",
"43","Уровень безработицы, %","Уровень безработицы","Проценты","196","CYP","Кипр","2009","5.4",
"43","Уровень безработицы, %","Уровень безработицы","Проценты","196","CYP","Кипр","2010","6.3",
"43","Уровень безработицы, %","Уровень безработицы","Проценты","196","CYP","Кипр","2011","7.9",
"43","Уровень безработицы, %","Уровень безработицы","Проценты","196","CYP","Кипр","2012","11.9",
"43","Уровень безработицы, %","Уровень безработицы","Проценты","196","CYP","Кипр","2013","15.9",
"43","Уровень безработицы, %","Уровень безработицы","Проценты","196","CYP","Кипр","2014","16.1",
"43","Уровень безработицы, %","Уровень безработицы","Проценты","196","CYP","Кипр","2015","15.0",
"43","Уровень безработицы, %","Уровень безработицы","Проценты","196","CYP","Кипр","2016","13.0",
"43","Уровень безработицы, %","Уровень безработицы","Проценты","196","CYP","Кипр","2017","11.1",
"43","Уровень безработицы, %","Уровень безработицы","Проценты","196","CYP","Кипр","2018","8.4",
"43","Уровень безработицы, %","Уровень безработицы","Проценты","196","CYP","Кипр","2019","7.1",
"43","Уровень безработицы, %","Уровень безработицы","Проценты","196","CYP","Кипр","2020","7.6",
"43","Уровень безработицы, %","Уровень безработицы","Проценты","417","KGZ","Кыргызстан","2005","8.1",
"43","Уровень безработицы, %","Уровень безработицы","Проценты","417","KGZ","Кыргызстан","2006","8.3",
"43","Уровень безработицы, %","Уровень безработицы","Проценты","417","KGZ","Кыргызстан","2007","8.2",
"43","Уровень безработицы, %","Уровень безработицы","Проценты","417","KGZ","Кыргызстан","2008","8.2",
"43","Уровень безработицы, %","Уровень безработицы","Проценты","417","KGZ","Кыргызстан","2009","8.4",
"43","Уровень безработицы, %","Уровень безработицы","Проценты","417","KGZ","Кыргызстан","2010","8.6",
"43","Уровень безработицы, %","Уровень безработицы","Проценты","417","KGZ","Кыргызстан","2011","8.5",
"43","Уровень безработицы, %","Уровень безработицы","Проценты","417","KGZ","Кыргызстан","2012","8.4",
"43","Уровень безработицы, %","Уровень безработицы","Проценты","417","KGZ","Кыргызстан","2013","8.3",
"43","Уровень безработицы, %","Уровень безработицы","Проценты","417","KGZ","Кыргызстан","2014","8.0",
"43","Уровень безработицы, %","Уровень безработицы","Проценты","417","KGZ","Кыргызстан","2015","7.6",
"43","Уровень безработицы, %","Уровень безработицы","Проценты","417","KGZ","Кыргызстан","2016","7.2",
"43","Уровень безработицы, %","Уровень безработицы","Проценты","417","KGZ","Кыргызстан","2017","6.9",
"43","Уровень безработицы, %","Уровень безработицы","Проценты","417","KGZ","Кыргызстан","2018","6.2",
"43","Уровень безработицы, %","Уровень безработицы","Проценты","417","KGZ","Кыргызстан","2019","5.5",
"43","Уровень безработицы, %","Уровень безработицы","Проценты","417","KGZ","Кыргызстан","2020","..",
"43","Уровень безработицы, %","Уровень безработицы","Проценты","428","LVA","Латвия","2005","10.0",
"43","Уровень безработицы, %","Уровень безработицы","Проценты","428","LVA","Латвия","2006","7.0",
"43","Уровень безработицы, %","Уровень безработицы","Проценты","428","LVA","Латвия","2007","6.1",
"43","Уровень безработицы, %","Уровень безработицы","Проценты","428","LVA","Латвия","2008","7.7",
"43","Уровень безработицы, %","Уровень безработицы","Проценты","428","LVA","Латвия","2009","17.7",
"43","Уровень безработицы, %","Уровень безработицы","Проценты","428","LVA","Латвия","2010","19.7",
"43","Уровень безработицы, %","Уровень безработицы","Проценты","428","LVA","Латвия","2011","16.3",
"43","Уровень безработицы, %","Уровень безработицы","Проценты","428","LVA","Латвия","2012","15.1",
"43","Уровень безработицы, %","Уровень безработицы","Проценты","428","LVA","Латвия","2013","11.9",
"43","Уровень безработицы, %","Уровень безработицы","Проценты","428","LVA","Латвия","2014","10.9",
"43","Уровень безработицы, %","Уровень безработицы","Проценты","428","LVA","Латвия","2015","9.9",
"43","Уровень безработицы, %","Уровень безработицы","Проценты","428","LVA","Латвия","2016","9.7",
"43","Уровень безработицы, %","Уровень безработицы","Проценты","428","LVA","Латвия","2017","8.7",
"43","Уровень безработицы, %","Уровень безработицы","Проценты","428","LVA","Латвия","2018","7.4",
"43","Уровень безработицы, %","Уровень безработицы","Проценты","428","LVA","Латвия","2019","6.3",
"43","Уровень безработицы, %","Уровень безработицы","Проценты","428","LVA","Латвия","2020","8.1",
"43","Уровень безработицы, %","Уровень безработицы","Проценты","440","LTU","Литва","2005","8.3",
"43","Уровень безработицы, %","Уровень безработицы","Проценты","440","LTU","Литва","2006","5.8",
"43","Уровень безработицы, %","Уровень безработицы","Проценты","440","LTU","Литва","2007","4.3",
"43","Уровень безработицы, %","Уровень безработицы","Проценты","440","LTU","Литва","2008","5.8",
"43","Уровень безработицы, %","Уровень безработицы","Проценты","440","LTU","Литва","2009","13.8",
"43","Уровень безработицы, %","Уровень безработицы","Проценты","440","LTU","Литва","2010","17.8",
"43","Уровень безработицы, %","Уровень безработицы","Проценты","440","LTU","Литва","2011","15.4",
"43","Уровень безработицы, %","Уровень безработицы","Проценты","440","LTU","Литва","2012","13.4",
"43","Уровень безработицы, %","Уровень безработицы","Проценты","440","LTU","Литва","2013","11.8",
"43","Уровень безработицы, %","Уровень безработицы","Проценты","440","LTU","Литва","2014","10.7",
"43","Уровень безработицы, %","Уровень безработицы","Проценты","440","LTU","Литва","2015","9.1",
"43","Уровень безработицы, %","Уровень безработицы","Проценты","440","LTU","Литва","2016","7.9",
"43","Уровень безработицы, %","Уровень безработицы","Проценты","440","LTU","Литва","2017","7.1",
"43","Уровень безработицы, %","Уровень безработицы","Проценты","440","LTU","Литва","2018","6.2",
"43","Уровень безработицы, %","Уровень безработицы","Проценты","440","LTU","Литва","2019","6.3",
"43","Уровень безработицы, %","Уровень безработицы","Проценты","440","LTU","Литва","2020","8.5",
"43","Уровень безработицы, %","Уровень безработицы","Проценты","438","LIE","Лихтенштейн","2005","2.4",
"43","Уровень безработицы, %","Уровень безработицы","Проценты","438","LIE","Лихтенштейн","2006","3.2",
"43","Уровень безработицы, %","Уровень безработицы","Проценты","438","LIE","Лихтенштейн","2007","2.9",
"43","Уровень безработицы, %","Уровень безработицы","Проценты","438","LIE","Лихтенштейн","2008","2.3",
"43","Уровень безработицы, %","Уровень безработицы","Проценты","438","LIE","Лихтенштейн","2009","2.8",
"43","Уровень безработицы, %","Уровень безработицы","Проценты","438","LIE","Лихтенштейн","2010","2.6",
"43","Уровень безработицы, %","Уровень безработицы","Проценты","438","LIE","Лихтенштейн","2011","2.3",
"43","Уровень безработицы, %","Уровень безработицы","Проценты","438","LIE","Лихтенштейн","2012","2.4",
"43","Уровень безработицы, %","Уровень безработицы","Проценты","438","LIE","Лихтенштейн","2013","2.5",
"43","Уровень безработицы, %","Уровень безработицы","Проценты","438","LIE","Лихтенштейн","2014","2.4",
"43","Уровень безработицы, %","Уровень безработицы","Проценты","438","LIE","Лихтенштейн","2015","2.4",
"43","Уровень безработицы, %","Уровень безработицы","Проценты","438","LIE","Лихтенштейн","2016","2.3",
"43","Уровень безработицы, %","Уровень безработицы","Проценты","438","LIE","Лихтенштейн","2017","1.9",
"43","Уровень безработицы, %","Уровень безработицы","Проценты","438","LIE","Лихтенштейн","2018","1.7",
"43","Уровень безработицы, %","Уровень безработицы","Проценты","438","LIE","Лихтенштейн","2019","1.5",
"43","Уровень безработицы, %","Уровень безработицы","Проценты","438","LIE","Лихтенштейн","2020","1.9",
"43","Уровень безработицы, %","Уровень безработицы","Проценты","442","LUX","Люксембург","2005","4.5",
"43","Уровень безработицы, %","Уровень безработицы","Проценты","442","LUX","Люксембург","2006","4.7",
"43","Уровень безработицы, %","Уровень безработицы","Проценты","442","LUX","Люксембург","2007","4.1",
"43","Уровень безработицы, %","Уровень безработицы","Проценты","442","LUX","Люксембург","2008","5.1",
"43","Уровень безработицы, %","Уровень безработицы","Проценты","442","LUX","Люксембург","2009","5.1",
"43","Уровень безработицы, %","Уровень безработицы","Проценты","442","LUX","Люксембург","2010","4.4",
"43","Уровень безработицы, %","Уровень безработицы","Проценты","442","LUX","Люксембург","2011","4.9",
"43","Уровень безработицы, %","Уровень безработицы","Проценты","442","LUX","Люксембург","2012","5.1",
"43","Уровень безработицы, %","Уровень безработицы","Проценты","442","LUX","Люксембург","2013","5.9",
"43","Уровень безработицы, %","Уровень безработицы","Проценты","442","LUX","Люксембург","2014","5.9",
"43","Уровень безработицы, %","Уровень безработицы","Проценты","442","LUX","Люксембург","2015","6.7",
"43","Уровень безработицы, %","Уровень безработицы","Проценты","442","LUX","Люксембург","2016","6.3",
"43","Уровень безработицы, %","Уровень безработицы","Проценты","442","LUX","Люксембург","2017","5.5",
"43","Уровень безработицы, %","Уровень безработицы","Проценты","442","LUX","Люксембург","2018","5.6",
"43","Уровень безработицы, %","Уровень безработицы","Проценты","442","LUX","Люксембург","2019","5.6",
"43","Уровень безработицы, %","Уровень безработицы","Проценты","442","LUX","Люксембург","2020","6.8",
"43","Уровень безработицы, %","Уровень безработицы","Проценты","470","MLT","Мальта","2005","6.9",
"43","Уровень безработицы, %","Уровень безработицы","Проценты","470","MLT","Мальта","2006","6.8",
"43","Уровень безработицы, %","Уровень безработицы","Проценты","470","MLT","Мальта","2007","6.5",
"43","Уровень безработицы, %","Уровень безработицы","Проценты","470","MLT","Мальта","2008","6.0",
"43","Уровень безработицы, %","Уровень безработицы","Проценты","470","MLT","Мальта","2009","6.9",
"43","Уровень безработицы, %","Уровень безработицы","Проценты","470","MLT","Мальта","2010","6.9",
"43","Уровень безработицы, %","Уровень безработицы","Проценты","470","MLT","Мальта","2011","6.4",
"43","Уровень безработицы, %","Уровень безработицы","Проценты","470","MLT","Мальта","2012","6.2",
"43","Уровень безработицы, %","Уровень безработицы","Проценты","470","MLT","Мальта","2013","6.1",
"43","Уровень безработицы, %","Уровень безработицы","Проценты","470","MLT","Мальта","2014","5.7",
"43","Уровень безработицы, %","Уровень безработицы","Проценты","470","MLT","Мальта","2015","5.4",
"43","Уровень безработицы, %","Уровень безработицы","Проценты","470","MLT","Мальта","2016","4.7",
"43","Уровень безработицы, %","Уровень безработицы","Проценты","470","MLT","Мальта","2017","4.0",
"43","Уровень безработицы, %","Уровень безработицы","Проценты","470","MLT","Мальта","2018","3.7",
"43","Уровень безработицы, %","Уровень безработицы","Проценты","470","MLT","Мальта","2019","3.6",
"43","Уровень безработицы, %","Уровень безработицы","Проценты","470","MLT","Мальта","2020","4.4",
"43","Уровень безработицы, %","Уровень безработицы","Проценты","528","NLD","Нидерланды","2005","5.9",
"43","Уровень безработицы, %","Уровень безработицы","Проценты","528","NLD","Нидерланды","2006","5.0",
"43","Уровень безработицы, %","Уровень безработицы","Проценты","528","NLD","Нидерланды","2007","4.2",
"43","Уровень безработицы, %","Уровень безработицы","Проценты","528","NLD","Нидерланды","2008","3.7",
"43","Уровень безработицы, %","Уровень безработицы","Проценты","528","NLD","Нидерланды","2009","4.4",
"43","Уровень безработицы, %","Уровень безработицы","Проценты","528","NLD","Нидерланды","2010","5.0",
"43","Уровень безработицы, %","Уровень безработицы","Проценты","528","NLD","Нидерланды","2011","5.0",
"43","Уровень безработицы, %","Уровень безработицы","Проценты","528","NLD","Нидерланды","2012","5.8",
"43","Уровень безработицы, %","Уровень безработицы","Проценты","528","NLD","Нидерланды","2013","7.3",
"43","Уровень безработицы, %","Уровень безработицы","Проценты","528","NLD","Нидерланды","2014","7.4",
"43","Уровень безработицы, %","Уровень безработицы","Проценты","528","NLD","Нидерланды","2015","6.9",
"43","Уровень безработицы, %","Уровень безработицы","Проценты","528","NLD","Нидерланды","2016","6.0",
"43","Уровень безработицы, %","Уровень безработицы","Проценты","528","NLD","Нидерланды","2017","4.9",
"43","Уровень безработицы, %","Уровень безработицы","Проценты","528","NLD","Нидерланды","2018","3.8",
"43","Уровень безработицы, %","Уровень безработицы","Проценты","528","NLD","Нидерланды","2019","3.4",
"43","Уровень безработицы, %","Уровень безработицы","Проценты","528","NLD","Нидерланды","2020","3.8",
"43","Уровень безработицы, %","Уровень безработицы","Проценты","578","NOR","Норвегия","2005","4.4",
"43","Уровень безработицы, %","Уровень безработицы","Проценты","578","NOR","Норвегия","2006","3.4",
"43","Уровень безработицы, %","Уровень безработицы","Проценты","578","NOR","Норвегия","2007","2.5",
"43","Уровень безработицы, %","Уровень безработицы","Проценты","578","NOR","Норвегия","2008","2.5",
"43","Уровень безработицы, %","Уровень безработицы","Проценты","578","NOR","Норвегия","2009","3.1",
"43","Уровень безработицы, %","Уровень безработицы","Проценты","578","NOR","Норвегия","2010","3.5",
"43","Уровень безработицы, %","Уровень безработицы","Проценты","578","NOR","Норвегия","2011","3.2",
"43","Уровень безработицы, %","Уровень безработицы","Проценты","578","NOR","Норвегия","2012","3.1",
"43","Уровень безработицы, %","Уровень безработицы","Проценты","578","NOR","Норвегия","2013","3.4",
"43","Уровень безработицы, %","Уровень безработицы","Проценты","578","NOR","Норвегия","2014","3.5",
"43","Уровень безработицы, %","Уровень безработицы","Проценты","578","NOR","Норвегия","2015","4.3",
"43","Уровень безработицы, %","Уровень безработицы","Проценты","578","NOR","Норвегия","2016","4.7",
"43","Уровень безработицы, %","Уровень безработицы","Проценты","578","NOR","Норвегия","2017","4.2",
"43","Уровень безработицы, %","Уровень безработицы","Проценты","578","NOR","Норвегия","2018","3.8",
"43","Уровень безработицы, %","Уровень безработицы","Проценты","578","NOR","Норвегия","2019","3.7",
"43","Уровень безработицы, %","Уровень безработицы","Проценты","578","NOR","Норвегия","2020","4.4",
"43","Уровень безработицы, %","Уровень безработицы","Проценты","616","POL","Польша","2005","17.8",
"43","Уровень безработицы, %","Уровень безработицы","Проценты","616","POL","Польша","2006","13.9",
"43","Уровень безработицы, %","Уровень безработицы","Проценты","616","POL","Польша","2007","9.6",
"43","Уровень безработицы, %","Уровень безработицы","Проценты","616","POL","Польша","2008","7.1",
"43","Уровень безработицы, %","Уровень безработицы","Проценты","616","POL","Польша","2009","8.5",
"43","Уровень безработицы, %","Уровень безработицы","Проценты","616","POL","Польша","2010","10.0",
"43","Уровень безработицы, %","Уровень безработицы","Проценты","616","POL","Польша","2011","10.0",
"43","Уровень безработицы, %","Уровень безработицы","Проценты","616","POL","Польша","2012","10.4",
"43","Уровень безработицы, %","Уровень безработицы","Проценты","616","POL","Польша","2013","10.6",
"43","Уровень безработицы, %","Уровень безработицы","Проценты","616","POL","Польша","2014","9.2",
"43","Уровень безработицы, %","Уровень безработицы","Проценты","616","POL","Польша","2015","7.7",
"43","Уровень безработицы, %","Уровень безработицы","Проценты","616","POL","Польша","2016","6.3",
"43","Уровень безработицы, %","Уровень безработицы","Проценты","616","POL","Польша","2017","5.0",
"43","Уровень безработицы, %","Уровень безработицы","Проценты","616","POL","Польша","2018","3.9",
"43","Уровень безработицы, %","Уровень безработицы","Проценты","616","POL","Польша","2019","3.3",
"43","Уровень безработицы, %","Уровень безработицы","Проценты","616","POL","Польша","2020","3.2",
"43","Уровень безработицы, %","Уровень безработицы","Проценты","620","PRT","Португалия","2005","7.7",
"43","Уровень безработицы, %","Уровень безработицы","Проценты","620","PRT","Португалия","2006","7.8",
"43","Уровень безработицы, %","Уровень безработицы","Проценты","620","PRT","Португалия","2007","8.1",
"43","Уровень безработицы, %","Уровень безработицы","Проценты","620","PRT","Португалия","2008","7.7",
"43","Уровень безработицы, %","Уровень безработицы","Проценты","620","PRT","Португалия","2009","11.2",
"43","Уровень безработицы, %","Уровень безработицы","Проценты","620","PRT","Португалия","2010","12.6",
"43","Уровень безработицы, %","Уровень безработицы","Проценты","620","PRT","Португалия","2011","13.5",
"43","Уровень безработицы, %","Уровень безработицы","Проценты","620","PRT","Португалия","2012","16.6",
"43","Уровень безработицы, %","Уровень безработицы","Проценты","620","PRT","Португалия","2013","17.2",
"43","Уровень безработицы, %","Уровень безработицы","Проценты","620","PRT","Португалия","2014","14.6",
"43","Уровень безработицы, %","Уровень безработицы","Проценты","620","PRT","Португалия","2015","13.0",
"43","Уровень безработицы, %","Уровень безработицы","Проценты","620","PRT","Португалия","2016","11.5",
"43","Уровень безработицы, %","Уровень безработицы","Проценты","620","PRT","Португалия","2017","9.2",
"43","Уровень безработицы, %","Уровень безработицы","Проценты","620","PRT","Португалия","2018","7.2",
"43","Уровень безработицы, %","Уровень безработицы","Проценты","620","PRT","Португалия","2019","6.7",
"43","Уровень безработицы, %","Уровень безработицы","Проценты","620","PRT","Португалия","2020","7.0",
"43","Уровень безработицы, %","Уровень безработицы","Проценты","498","MDA","Республика Молдова","2005","7.3",
"43","Уровень безработицы, %","Уровень безработицы","Проценты","498","MDA","Республика Молдова","2006","7.6",
"43","Уровень безработицы, %","Уровень безработицы","Проценты","498","MDA","Республика Молдова","2007","5.1",
"43","Уровень безработицы, %","Уровень безработицы","Проценты","498","MDA","Республика Молдова","2008","4.0",
"43","Уровень безработицы, %","Уровень безработицы","Проценты","498","MDA","Республика Молдова","2009","6.4",
"43","Уровень безработицы, %","Уровень безработицы","Проценты","498","MDA","Республика Молдова","2010","7.4",
"43","Уровень безработицы, %","Уровень безработицы","Проценты","498","MDA","Республика Молдова","2011","6.8",
"43","Уровень безработицы, %","Уровень безработицы","Проценты","498","MDA","Республика Молдова","2012","5.6",
"43","Уровень безработицы, %","Уровень безработицы","Проценты","498","MDA","Республика Молдова","2013","5.2",
"43","Уровень безработицы, %","Уровень безработицы","Проценты","498","MDA","Республика Молдова","2014","4.0",
"43","Уровень безработицы, %","Уровень безработицы","Проценты","498","MDA","Республика Молдова","2015","5.0",
"43","Уровень безработицы, %","Уровень безработицы","Проценты","498","MDA","Республика Молдова","2016","4.2",
"43","Уровень безработицы, %","Уровень безработицы","Проценты","498","MDA","Республика Молдова","2017","4.1",
"43","Уровень безработицы, %","Уровень безработицы","Проценты","498","MDA","Республика Молдова","2018","3.0",
"43","Уровень безработицы, %","Уровень безработицы","Проценты","498","MDA","Республика Молдова","2019","5.1",
"43","Уровень безработицы, %","Уровень безработицы","Проценты","498","MDA","Республика Молдова","2020","..",
"43","Уровень безработицы, %","Уровень безработицы","Проценты","643","RUS","Российская Федерация","2005","7.1",
"43","Уровень безработицы, %","Уровень безработицы","Проценты","643","RUS","Российская Федерация","2006","7.1",
"43","Уровень безработицы, %","Уровень безработицы","Проценты","643","RUS","Российская Федерация","2007","6.0",
"43","Уровень безработицы, %","Уровень безработицы","Проценты","643","RUS","Российская Федерация","2008","6.2",
"43","Уровень безработицы, %","Уровень безработицы","Проценты","643","RUS","Российская Федерация","2009","8.3",
"43","Уровень безработицы, %","Уровень безработицы","Проценты","643","RUS","Российская Федерация","2010","7.3",
"43","Уровень безработицы, %","Уровень безработицы","Проценты","643","RUS","Российская Федерация","2011","6.5",
"43","Уровень безработицы, %","Уровень безработицы","Проценты","643","RUS","Российская Федерация","2012","5.5",
"43","Уровень безработицы, %","Уровень безработицы","Проценты","643","RUS","Российская Федерация","2013","5.5",
"43","Уровень безработицы, %","Уровень безработицы","Проценты","643","RUS","Российская Федерация","2014","..",
"43","Уровень безработицы, %","Уровень безработицы","Проценты","643","RUS","Российская Федерация","2015","..",
"43","Уровень безработицы, %","Уровень безработицы","Проценты","643","RUS","Российская Федерация","2016","..",
"43","Уровень безработицы, %","Уровень безработицы","Проценты","643","RUS","Российская Федерация","2017","..",
"43","Уровень безработицы, %","Уровень безработицы","Проценты","643","RUS","Российская Федерация","2018","..",
"43","Уровень безработицы, %","Уровень безработицы","Проценты","643","RUS","Российская Федерация","2019","..",
"43","Уровень безработицы, %","Уровень безработицы","Проценты","643","RUS","Российская Федерация","2020","..",
"43","Уровень безработицы, %","Уровень безработицы","Проценты","642","ROU","Румыния","2005","7.2",
"43","Уровень безработицы, %","Уровень безработицы","Проценты","642","ROU","Румыния","2006","7.3",
"43","Уровень безработицы, %","Уровень безработицы","Проценты","642","ROU","Румыния","2007","6.4",
"43","Уровень безработицы, %","Уровень безработицы","Проценты","642","ROU","Румыния","2008","5.8",
"43","Уровень безработицы, %","Уровень безработицы","Проценты","642","ROU","Румыния","2009","8.4",
"43","Уровень безработицы, %","Уровень безработицы","Проценты","642","ROU","Румыния","2010","9.0",
"43","Уровень безработицы, %","Уровень безработицы","Проценты","642","ROU","Румыния","2011","9.1",
"43","Уровень безработицы, %","Уровень безработицы","Проценты","642","ROU","Румыния","2012","8.7",
"43","Уровень безработицы, %","Уровень безработицы","Проценты","642","ROU","Румыния","2013","9.0",
"43","Уровень безработицы, %","Уровень безработицы","Проценты","642","ROU","Румыния","2014","8.6",
"43","Уровень безработицы, %","Уровень безработицы","Проценты","642","ROU","Румыния","2015","8.4",
"43","Уровень безработицы, %","Уровень безработицы","Проценты","642","ROU","Румыния","2016","7.2",
"43","Уровень безработицы, %","Уровень безработицы","Проценты","642","ROU","Румыния","2017","6.1",
"43","Уровень безработицы, %","Уровень безработицы","Проценты","642","ROU","Румыния","2018","5.3",
"43","Уровень безработицы, %","Уровень безработицы","Проценты","642","ROU","Румыния","2019","4.9",
"43","Уровень безработицы, %","Уровень безработицы","Проценты","642","ROU","Румыния","2020","6.1",
"43","Уровень безработицы, %","Уровень безработицы","Проценты","674","SMR","Сан-Марино","2005","..",
"43","Уровень безработицы, %","Уровень безработицы","Проценты","674","SMR","Сан-Марино","2006","..",
"43","Уровень безработицы, %","Уровень безработицы","Проценты","674","SMR","Сан-Марино","2007","..",
"43","Уровень безработицы, %","Уровень безработицы","Проценты","674","SMR","Сан-Марино","2008","..",
"43","Уровень безработицы, %","Уровень безработицы","Проценты","674","SMR","Сан-Марино","2009","..",
"43","Уровень безработицы, %","Уровень безработицы","Проценты","674","SMR","Сан-Марино","2010","3.6",
"43","Уровень безработицы, %","Уровень безработицы","Проценты","674","SMR","Сан-Марино","2011","3.7",
"43","Уровень безработицы, %","Уровень безработицы","Проценты","674","SMR","Сан-Марино","2012","5.2",
"43","Уровень безработицы, %","Уровень безработицы","Проценты","674","SMR","Сан-Марино","2013","6.1",
"43","Уровень безработицы, %","Уровень безработицы","Проценты","674","SMR","Сан-Марино","2014","6.6",
"43","Уровень безработицы, %","Уровень безработицы","Проценты","674","SMR","Сан-Марино","2015","7.0",
"43","Уровень безработицы, %","Уровень безработицы","Проценты","674","SMR","Сан-Марино","2016","8.6",
"43","Уровень безработицы, %","Уровень безработицы","Проценты","674","SMR","Сан-Марино","2017","8.1",
"43","Уровень безработицы, %","Уровень безработицы","Проценты","674","SMR","Сан-Марино","2018","7.8",
"43","Уровень безработицы, %","Уровень безработицы","Проценты","674","SMR","Сан-Марино","2019","7.5",
"43","Уровень безработицы, %","Уровень безработицы","Проценты","674","SMR","Сан-Марино","2020","7.3",
"43","Уровень безработицы, %","Уровень безработицы","Проценты","807","MKD","Северная Македония","2005","37.3",
"43","Уровень безработицы, %","Уровень безработицы","Проценты","807","MKD","Северная Македония","2006","36.0",
"43","Уровень безработицы, %","Уровень безработицы","Проценты","807","MKD","Северная Македония","2007","34.9",
"43","Уровень безработицы, %","Уровень безработицы","Проценты","807","MKD","Северная Македония","2008","33.8",
"43","Уровень безработицы, %","Уровень безработицы","Проценты","807","MKD","Северная Македония","2009","32.2",
"43","Уровень безработицы, %","Уровень безработицы","Проценты","807","MKD","Северная Македония","2010","32.0",
"43","Уровень безработицы, %","Уровень безработицы","Проценты","807","MKD","Северная Македония","2011","31.4",
"43","Уровень безработицы, %","Уровень безработицы","Проценты","807","MKD","Северная Македония","2012","31.0",
"43","Уровень безработицы, %","Уровень безработицы","Проценты","807","MKD","Северная Македония","2013","29.0",
"43","Уровень безработицы, %","Уровень безработицы","Проценты","807","MKD","Северная Македония","2014","28.0",
"43","Уровень безработицы, %","Уровень безработицы","Проценты","807","MKD","Северная Македония","2015","26.1",
"43","Уровень безработицы, %","Уровень безработицы","Проценты","807","MKD","Северная Македония","2016","23.8",
"43","Уровень безработицы, %","Уровень безработицы","Проценты","807","MKD","Северная Македония","2017","22.4",
"43","Уровень безработицы, %","Уровень безработицы","Проценты","807","MKD","Северная Македония","2018","..",
"43","Уровень безработицы, %","Уровень безработицы","Проценты","807","MKD","Северная Македония","2019","..",
"43","Уровень безработицы, %","Уровень безработицы","Проценты","807","MKD","Северная Македония","2020","..",
"43","Уровень безработицы, %","Уровень безработицы","Проценты","688","SRB","Сербия","2005","20.8",
"43","Уровень безработицы, %","Уровень безработицы","Проценты","688","SRB","Сербия","2006","20.9",
"43","Уровень безработицы, %","Уровень безработицы","Проценты","688","SRB","Сербия","2007","18.1",
"43","Уровень безработицы, %","Уровень безработицы","Проценты","688","SRB","Сербия","2008","13.6",
"43","Уровень безработицы, %","Уровень безработицы","Проценты","688","SRB","Сербия","2009","16.1",
"43","Уровень безработицы, %","Уровень безработицы","Проценты","688","SRB","Сербия","2010","19.2",
"43","Уровень безработицы, %","Уровень безработицы","Проценты","688","SRB","Сербия","2011","23.0",
"43","Уровень безработицы, %","Уровень безработицы","Проценты","688","SRB","Сербия","2012","23.9",
"43","Уровень безработицы, %","Уровень безработицы","Проценты","688","SRB","Сербия","2013","22.1",
"43","Уровень безработицы, %","Уровень безработицы","Проценты","688","SRB","Сербия","2014","19.2",
"43","Уровень безработицы, %","Уровень безработицы","Проценты","688","SRB","Сербия","2015","17.7",
"43","Уровень безработицы, %","Уровень безработицы","Проценты","688","SRB","Сербия","2016","15.3",
"43","Уровень безработицы, %","Уровень безработицы","Проценты","688","SRB","Сербия","2017","13.5",
"43","Уровень безработицы, %","Уровень безработицы","Проценты","688","SRB","Сербия","2018","12.7",
"43","Уровень безработицы, %","Уровень безработицы","Проценты","688","SRB","Сербия","2019","10.4",
"43","Уровень безработицы, %","Уровень безработицы","Проценты","688","SRB","Сербия","2020","..",
"43","Уровень безработицы, %","Уровень безработицы","Проценты","703","SVK","Словакия","2005","16.3",
"43","Уровень безработицы, %","Уровень безработицы","Проценты","703","SVK","Словакия","2006","13.4",
"43","Уровень безработицы, %","Уровень безработицы","Проценты","703","SVK","Словакия","2007","11.1",
"43","Уровень безработицы, %","Уровень безработицы","Проценты","703","SVK","Словакия","2008","9.5",
"43","Уровень безработицы, %","Уровень безработицы","Проценты","703","SVK","Словакия","2009","12.0",
"43","Уровень безработицы, %","Уровень безработицы","Проценты","703","SVK","Словакия","2010","14.3",
"43","Уровень безработицы, %","Уровень безработицы","Проценты","703","SVK","Словакия","2011","13.5",
"43","Уровень безработицы, %","Уровень безработицы","Проценты","703","SVK","Словакия","2012","13.9",
"43","Уровень безработицы, %","Уровень безработицы","Проценты","703","SVK","Словакия","2013","14.1",
"43","Уровень безработицы, %","Уровень безработицы","Проценты","703","SVK","Словакия","2014","13.1",
"43","Уровень безработицы, %","Уровень безработицы","Проценты","703","SVK","Словакия","2015","11.5",
"43","Уровень безработицы, %","Уровень безработицы","Проценты","703","SVK","Словакия","2016","9.6",
"43","Уровень безработицы, %","Уровень безработицы","Проценты","703","SVK","Словакия","2017","8.1",
"43","Уровень безработицы, %","Уровень безработицы","Проценты","703","SVK","Словакия","2018","6.5",
"43","Уровень безработицы, %","Уровень безработицы","Проценты","703","SVK","Словакия","2019","5.7",
"43","Уровень безработицы, %","Уровень безработицы","Проценты","703","SVK","Словакия","2020","6.7",
"43","Уровень безработицы, %","Уровень безработицы","Проценты","705","SVN","Словения","2005","6.5",
"43","Уровень безработицы, %","Уровень безработицы","Проценты","705","SVN","Словения","2006","6.0",
"43","Уровень безработицы, %","Уровень безработицы","Проценты","705","SVN","Словения","2007","4.9",
"43","Уровень безработицы, %","Уровень безработицы","Проценты","705","SVN","Словения","2008","4.4",
"43","Уровень безработицы, %","Уровень безработицы","Проценты","705","SVN","Словения","2009","5.9",
"43","Уровень безработицы, %","Уровень безработицы","Проценты","705","SVN","Словения","2010","7.3",
"43","Уровень безработицы, %","Уровень безработицы","Проценты","705","SVN","Словения","2011","8.2",
"43","Уровень безработицы, %","Уровень безработицы","Проценты","705","SVN","Словения","2012","8.9",
"43","Уровень безработицы, %","Уровень безработицы","Проценты","705","SVN","Словения","2013","10.1",
"43","Уровень безработицы, %","Уровень безработицы","Проценты","705","SVN","Словения","2014","9.7",
"43","Уровень безработицы, %","Уровень безработицы","Проценты","705","SVN","Словения","2015","9.0",
"43","Уровень безработицы, %","Уровень безработицы","Проценты","705","SVN","Словения","2016","8.0",
"43","Уровень безработицы, %","Уровень безработицы","Проценты","705","SVN","Словения","2017","6.6",
"43","Уровень безработицы, %","Уровень безработицы","Проценты","705","SVN","Словения","2018","5.1",
"43","Уровень безработицы, %","Уровень безработицы","Проценты","705","SVN","Словения","2019","4.4",
"43","Уровень безработицы, %","Уровень безработицы","Проценты","705","SVN","Словения","2020","5.0",
"43","Уровень безработицы, %","Уровень безработицы","Проценты","826","GBR","Соединенное Королевство","2005","4.8",
"43","Уровень безработицы, %","Уровень безработицы","Проценты","826","GBR","Соединенное Королевство","2006","5.4",
"43","Уровень безработицы, %","Уровень безработицы","Проценты","826","GBR","Соединенное Королевство","2007","5.3",
"43","Уровень безработицы, %","Уровень безработицы","Проценты","826","GBR","Соединенное Королевство","2008","5.6",
"43","Уровень безработицы, %","Уровень безработицы","Проценты","826","GBR","Соединенное Королевство","2009","7.6",
"43","Уровень безработицы, %","Уровень безработицы","Проценты","826","GBR","Соединенное Королевство","2010","7.8",
"43","Уровень безработицы, %","Уровень безработицы","Проценты","826","GBR","Соединенное Королевство","2011","8.1",
"43","Уровень безработицы, %","Уровень безработицы","Проценты","826","GBR","Соединенное Королевство","2012","7.9",
"43","Уровень безработицы, %","Уровень безработицы","Проценты","826","GBR","Соединенное Королевство","2013","7.5",
"43","Уровень безработицы, %","Уровень безработицы","Проценты","826","GBR","Соединенное Королевство","2014","6.1",
"43","Уровень безработицы, %","Уровень безработицы","Проценты","826","GBR","Соединенное Королевство","2015","5.3",
"43","Уровень безработицы, %","Уровень безработицы","Проценты","826","GBR","Соединенное Королевство","2016","4.8",
"43","Уровень безработицы, %","Уровень безработицы","Проценты","826","GBR","Соединенное Королевство","2017","4.3",
"43","Уровень безработицы, %","Уровень безработицы","Проценты","826","GBR","Соединенное Королевство","2018","4.0",
"43","Уровень безработицы, %","Уровень безработицы","Проценты","826","GBR","Соединенное Королевство","2019","3.8",
"43","Уровень безработицы, %","Уровень безработицы","Проценты","826","GBR","Соединенное Королевство","2020","..",
"43","Уровень безработицы, %","Уровень безработицы","Проценты","840","USA","Соединенные Штаты Америки","2005","5.1",
"43","Уровень безработицы, %","Уровень безработицы","Проценты","840","USA","Соединенные Штаты Америки","2006","4.6",
"43","Уровень безработицы, %","Уровень безработицы","Проценты","840","USA","Соединенные Штаты Америки","2007","4.6",
"43","Уровень безработицы, %","Уровень безработицы","Проценты","840","USA","Соединенные Штаты Америки","2008","5.8",
"43","Уровень безработицы, %","Уровень безработицы","Проценты","840","USA","Соединенные Штаты Америки","2009","9.3",
"43","Уровень безработицы, %","Уровень безработицы","Проценты","840","USA","Соединенные Штаты Америки","2010","9.6",
"43","Уровень безработицы, %","Уровень безработицы","Проценты","840","USA","Соединенные Штаты Америки","2011","8.9",
"43","Уровень безработицы, %","Уровень безработицы","Проценты","840","USA","Соединенные Штаты Америки","2012","8.1",
"43","Уровень безработицы, %","Уровень безработицы","Проценты","840","USA","Соединенные Штаты Америки","2013","7.4",
"43","Уровень безработицы, %","Уровень безработицы","Проценты","840","USA","Соединенные Штаты Америки","2014","6.2",
"43","Уровень безработицы, %","Уровень безработицы","Проценты","840","USA","Соединенные Штаты Америки","2015","5.3",
"43","Уровень безработицы, %","Уровень безработицы","Проценты","840","USA","Соединенные Штаты Америки","2016","4.9",
"43","Уровень безработицы, %","Уровень безработицы","Проценты","840","USA","Соединенные Штаты Америки","2017","4.4",
"43","Уровень безработицы, %","Уровень безработицы","Проценты","840","USA","Соединенные Штаты Америки","2018","3.9",
"43","Уровень безработицы, %","Уровень безработицы","Проценты","840","USA","Соединенные Штаты Америки","2019","3.7",
"43","Уровень безработицы, %","Уровень безработицы","Проценты","840","USA","Соединенные Штаты Америки","2020","..",
"43","Уровень безработицы, %","Уровень безработицы","Проценты","762","TJK","Таджикистан","2005","1.9",
"43","Уровень безработицы, %","Уровень безработицы","Проценты","762","TJK","Таджикистан","2006","2.2",
"43","Уровень безработицы, %","Уровень безработицы","Проценты","762","TJK","Таджикистан","2007","2.4",
"43","Уровень безработицы, %","Уровень безработицы","Проценты","762","TJK","Таджикистан","2008","2.2",
"43","Уровень безработицы, %","Уровень безработицы","Проценты","762","TJK","Таджикистан","2009","2.0",
"43","Уровень безработицы, %","Уровень безработицы","Проценты","762","TJK","Таджикистан","2010","2.1",
"43","Уровень безработицы, %","Уровень безработицы","Проценты","762","TJK","Таджикистан","2011","2.3",
"43","Уровень безработицы, %","Уровень безработицы","Проценты","762","TJK","Таджикистан","2012","2.4",
"43","Уровень безработицы, %","Уровень безработицы","Проценты","762","TJK","Таджикистан","2013","2.3",
"43","Уровень безработицы, %","Уровень безработицы","Проценты","762","TJK","Таджикистан","2014","2.4",
"43","Уровень безработицы, %","Уровень безработицы","Проценты","762","TJK","Таджикистан","2015","2.3",
"43","Уровень безработицы, %","Уровень безработицы","Проценты","762","TJK","Таджикистан","2016","2.3",
"43","Уровень безработицы, %","Уровень безработицы","Проценты","762","TJK","Таджикистан","2017","2.2",
"43","Уровень безработицы, %","Уровень безработицы","Проценты","762","TJK","Таджикистан","2018","2.1",
"43","Уровень безработицы, %","Уровень безработицы","Проценты","762","TJK","Таджикистан","2019","..",
"43","Уровень безработицы, %","Уровень безработицы","Проценты","762","TJK","Таджикистан","2020","..",
"43","Уровень безработицы, %","Уровень безработицы","Проценты","795","TKM","Туркменистан","2005","3.7",
"43","Уровень безработицы, %","Уровень безработицы","Проценты","795","TKM","Туркменистан","2006","..",
"43","Уровень безработицы, %","Уровень безработицы","Проценты","795","TKM","Туркменистан","2007","3.6",
"43","Уровень безработицы, %","Уровень безработицы","Проценты","795","TKM","Туркменистан","2008","..",
"43","Уровень безработицы, %","Уровень безработицы","Проценты","795","TKM","Туркменистан","2009","..",
"43","Уровень безработицы, %","Уровень безработицы","Проценты","795","TKM","Туркменистан","2010","..",
"43","Уровень безработицы, %","Уровень безработицы","Проценты","795","TKM","Туркменистан","2011","..",
"43","Уровень безработицы, %","Уровень безработицы","Проценты","795","TKM","Туркменистан","2012","..",
"43","Уровень безработицы, %","Уровень безработицы","Проценты","795","TKM","Туркменистан","2013","..",
"43","Уровень безработицы, %","Уровень безработицы","Проценты","795","TKM","Туркменистан","2014","..",
"43","Уровень безработицы, %","Уровень безработицы","Проценты","795","TKM","Туркменистан","2015","..",
"43","Уровень безработицы, %","Уровень безработицы","Проценты","795","TKM","Туркменистан","2016","..",
"43","Уровень безработицы, %","Уровень безработицы","Проценты","795","TKM","Туркменистан","2017","..",
"43","Уровень безработицы, %","Уровень безработицы","Проценты","795","TKM","Туркменистан","2018","..",
"43","Уровень безработицы, %","Уровень безработицы","Проценты","795","TKM","Туркменистан","2019","..",
"43","Уровень безработицы, %","Уровень безработицы","Проценты","795","TKM","Туркменистан","2020","..",
"43","Уровень безработицы, %","Уровень безработицы","Проценты","792","TUR","Турция","2005","9.5",
"43","Уровень безработицы, %","Уровень безработицы","Проценты","792","TUR","Турция","2006","8.8",
"43","Уровень безработицы, %","Уровень безработицы","Проценты","792","TUR","Турция","2007","8.9",
"43","Уровень безработицы, %","Уровень безработицы","Проценты","792","TUR","Турция","2008","9.8",
"43","Уровень безработицы, %","Уровень безработицы","Проценты","792","TUR","Турция","2009","12.6",
"43","Уровень безработицы, %","Уровень безработицы","Проценты","792","TUR","Турция","2010","10.7",
"43","Уровень безработицы, %","Уровень безработицы","Проценты","792","TUR","Турция","2011","8.8",
"43","Уровень безработицы, %","Уровень безработицы","Проценты","792","TUR","Турция","2012","8.2",
"43","Уровень безработицы, %","Уровень безработицы","Проценты","792","TUR","Турция","2013","8.8",
"43","Уровень безработицы, %","Уровень безработицы","Проценты","792","TUR","Турция","2014","9.9",
"43","Уровень безработицы, %","Уровень безработицы","Проценты","792","TUR","Турция","2015","10.3",
"43","Уровень безработицы, %","Уровень безработицы","Проценты","792","TUR","Турция","2016","10.9",
"43","Уровень безработицы, %","Уровень безработицы","Проценты","792","TUR","Турция","2017","10.9",
"43","Уровень безработицы, %","Уровень безработицы","Проценты","792","TUR","Турция","2018","10.9",
"43","Уровень безработицы, %","Уровень безработицы","Проценты","792","TUR","Турция","2019","13.7",
"43","Уровень безработицы, %","Уровень безработицы","Проценты","792","TUR","Турция","2020","13.2",
"43","Уровень безработицы, %","Уровень безработицы","Проценты","860","UZB","Узбекистан","2005","..",
"43","Уровень безработицы, %","Уровень безработицы","Проценты","860","UZB","Узбекистан","2006","..",
"43","Уровень безработицы, %","Уровень безработицы","Проценты","860","UZB","Узбекистан","2007","5.0",
"43","Уровень безработицы, %","Уровень безработицы","Проценты","860","UZB","Узбекистан","2008","4.9",
"43","Уровень безработицы, %","Уровень безработицы","Проценты","860","UZB","Узбекистан","2009","5.0",
"43","Уровень безработицы, %","Уровень безработицы","Проценты","860","UZB","Узбекистан","2010","5.4",
"43","Уровень безработицы, %","Уровень безработицы","Проценты","860","UZB","Узбекистан","2011","5.0",
"43","Уровень безработицы, %","Уровень безработицы","Проценты","860","UZB","Узбекистан","2012","4.9",
"43","Уровень безработицы, %","Уровень безработицы","Проценты","860","UZB","Узбекистан","2013","4.9",
"43","Уровень безработицы, %","Уровень безработицы","Проценты","860","UZB","Узбекистан","2014","5.1",
"43","Уровень безработицы, %","Уровень безработицы","Проценты","860","UZB","Узбекистан","2015","5.2",
"43","Уровень безработицы, %","Уровень безработицы","Проценты","860","UZB","Узбекистан","2016","5.2",
"43","Уровень безработицы, %","Уровень безработицы","Проценты","860","UZB","Узбекистан","2017","5.8",
"43","Уровень безработицы, %","Уровень безработицы","Проценты","860","UZB","Узбекистан","2018","9.3",
"43","Уровень безработицы, %","Уровень безработицы","Проценты","860","UZB","Узбекистан","2019","9.0",
"43","Уровень безработицы, %","Уровень безработицы","Проценты","860","UZB","Узбекистан","2020","..",
"43","Уровень безработицы, %","Уровень безработицы","Проценты","804","UKR","Украина","2005","7.2",
"43","Уровень безработицы, %","Уровень безработицы","Проценты","804","UKR","Украина","2006","6.8",
"43","Уровень безработицы, %","Уровень безработицы","Проценты","804","UKR","Украина","2007","6.4",
"43","Уровень безработицы, %","Уровень безработицы","Проценты","804","UKR","Украина","2008","6.4",
"43","Уровень безработицы, %","Уровень безработицы","Проценты","804","UKR","Украина","2009","8.8",
"43","Уровень безработицы, %","Уровень безработицы","Проценты","804","UKR","Украина","2010","8.2",
"43","Уровень безработицы, %","Уровень безработицы","Проценты","804","UKR","Украина","2011","8.0",
"43","Уровень безработицы, %","Уровень безработицы","Проценты","804","UKR","Украина","2012","7.6",
"43","Уровень безработицы, %","Уровень безработицы","Проценты","804","UKR","Украина","2013","7.3",
"43","Уровень безработицы, %","Уровень безработицы","Проценты","804","UKR","Украина","2014","9.3",
"43","Уровень безработицы, %","Уровень безработицы","Проценты","804","UKR","Украина","2015","9.1",
"43","Уровень безработицы, %","Уровень безработицы","Проценты","804","UKR","Украина","2016","9.3",
"43","Уровень безработицы, %","Уровень безработицы","Проценты","804","UKR","Украина","2017","9.5",
"43","Уровень безработицы, %","Уровень безработицы","Проценты","804","UKR","Украина","2018","8.8",
"43","Уровень безработицы, %","Уровень безработицы","Проценты","804","UKR","Украина","2019","8.2",
"43","Уровень безработицы, %","Уровень безработицы","Проценты","804","UKR","Украина","2020","..",
"43","Уровень безработицы, %","Уровень безработицы","Проценты","246","FIN","Финляндия","2005","8.4",
"43","Уровень безработицы, %","Уровень безработицы","Проценты","246","FIN","Финляндия","2006","7.7",
"43","Уровень безработицы, %","Уровень безработицы","Проценты","246","FIN","Финляндия","2007","6.9",
"43","Уровень безработицы, %","Уровень безработицы","Проценты","246","FIN","Финляндия","2008","6.4",
"43","Уровень безработицы, %","Уровень безработицы","Проценты","246","FIN","Финляндия","2009","8.3",
"43","Уровень безработицы, %","Уровень безработицы","Проценты","246","FIN","Финляндия","2010","8.6",
"43","Уровень безработицы, %","Уровень безработицы","Проценты","246","FIN","Финляндия","2011","8.0",
"43","Уровень безработицы, %","Уровень безработицы","Проценты","246","FIN","Финляндия","2012","7.9",
"43","Уровень безработицы, %","Уровень безработицы","Проценты","246","FIN","Финляндия","2013","8.3",
"43","Уровень безработицы, %","Уровень безработицы","Проценты","246","FIN","Финляндия","2014","8.7",
"43","Уровень безработицы, %","Уровень безработицы","Проценты","246","FIN","Финляндия","2015","9.4",
"43","Уровень безработицы, %","Уровень безработицы","Проценты","246","FIN","Финляндия","2016","8.9",
"43","Уровень безработицы, %","Уровень безработицы","Проценты","246","FIN","Финляндия","2017","8.7",
"43","Уровень безработицы, %","Уровень безработицы","Проценты","246","FIN","Финляндия","2018","7.5",
"43","Уровень безработицы, %","Уровень безработицы","Проценты","246","FIN","Финляндия","2019","6.8",
"43","Уровень безработицы, %","Уровень безработицы","Проценты","246","FIN","Финляндия","2020","7.7",
"43","Уровень безработицы, %","Уровень безработицы","Проценты","250","FRA","Франция","2005","8.9",
"43","Уровень безработицы, %","Уровень безработицы","Проценты","250","FRA","Франция","2006","8.9",
"43","Уровень безработицы, %","Уровень безработицы","Проценты","250","FRA","Франция","2007","8.0",
"43","Уровень безработицы, %","Уровень безработицы","Проценты","250","FRA","Франция","2008","7.4",
"43","Уровень безработицы, %","Уровень безработицы","Проценты","250","FRA","Франция","2009","9.1",
"43","Уровень безработицы, %","Уровень безработицы","Проценты","250","FRA","Франция","2010","9.3",
"43","Уровень безработицы, %","Уровень безработицы","Проценты","250","FRA","Франция","2011","9.2",
"43","Уровень безработицы, %","Уровень безработицы","Проценты","250","FRA","Франция","2012","9.8",
"43","Уровень безработицы, %","Уровень безработицы","Проценты","250","FRA","Франция","2013","10.3",
"43","Уровень безработицы, %","Уровень безработицы","Проценты","250","FRA","Франция","2014","10.3",
"43","Уровень безработицы, %","Уровень безработицы","Проценты","250","FRA","Франция","2015","10.3",
"43","Уровень безработицы, %","Уровень безработицы","Проценты","250","FRA","Франция","2016","10.1",
"43","Уровень безработицы, %","Уровень безработицы","Проценты","250","FRA","Франция","2017","9.4",
"43","Уровень безработицы, %","Уровень безработицы","Проценты","250","FRA","Франция","2018","9.0",
"43","Уровень безработицы, %","Уровень безработицы","Проценты","250","FRA","Франция","2019","8.4",
"43","Уровень безработицы, %","Уровень безработицы","Проценты","250","FRA","Франция","2020","8.0",
"43","Уровень безработицы, %","Уровень безработицы","Проценты","191","HRV","Хорватия","2005","12.8",
"43","Уровень безработицы, %","Уровень безработицы","Проценты","191","HRV","Хорватия","2006","11.3",
"43","Уровень безработицы, %","Уровень безработицы","Проценты","191","HRV","Хорватия","2007","9.9",
"43","Уровень безработицы, %","Уровень безработицы","Проценты","191","HRV","Хорватия","2008","8.6",
"43","Уровень безработицы, %","Уровень безработицы","Проценты","191","HRV","Хорватия","2009","9.2",
"43","Уровень безработицы, %","Уровень безработицы","Проценты","191","HRV","Хорватия","2010","11.7",
"43","Уровень безработицы, %","Уровень безработицы","Проценты","191","HRV","Хорватия","2011","13.7",
"43","Уровень безработицы, %","Уровень безработицы","Проценты","191","HRV","Хорватия","2012","16.0",
"43","Уровень безработицы, %","Уровень безработицы","Проценты","191","HRV","Хорватия","2013","17.3",
"43","Уровень безработицы, %","Уровень безработицы","Проценты","191","HRV","Хорватия","2014","17.3",
"43","Уровень безработицы, %","Уровень безработицы","Проценты","191","HRV","Хорватия","2015","16.2",
"43","Уровень безработицы, %","Уровень безработицы","Проценты","191","HRV","Хорватия","2016","13.1",
"43","Уровень безработицы, %","Уровень безработицы","Проценты","191","HRV","Хорватия","2017","11.2",
"43","Уровень безработицы, %","Уровень безработицы","Проценты","191","HRV","Хорватия","2018","8.5",
"43","Уровень безработицы, %","Уровень безработицы","Проценты","191","HRV","Хорватия","2019","6.6",
"43","Уровень безработицы, %","Уровень безработицы","Проценты","191","HRV","Хорватия","2020","7.5",
"43","Уровень безработицы, %","Уровень безработицы","Проценты","499","MNE","Черногория","2005","30.3",
"43","Уровень безработицы, %","Уровень безработицы","Проценты","499","MNE","Черногория","2006","29.6",
"43","Уровень безработицы, %","Уровень безработицы","Проценты","499","MNE","Черногория","2007","19.4",
"43","Уровень безработицы, %","Уровень безработицы","Проценты","499","MNE","Черногория","2008","16.8",
"43","Уровень безработицы, %","Уровень безработицы","Проценты","499","MNE","Черногория","2009","19.1",
"43","Уровень безработицы, %","Уровень безработицы","Проценты","499","MNE","Черногория","2010","19.7",
"43","Уровень безработицы, %","Уровень безработицы","Проценты","499","MNE","Черногория","2011","19.7",
"43","Уровень безработицы, %","Уровень безработицы","Проценты","499","MNE","Черногория","2012","19.7",
"43","Уровень безработицы, %","Уровень безработицы","Проценты","499","MNE","Черногория","2013","19.5",
"43","Уровень безработицы, %","Уровень безработицы","Проценты","499","MNE","Черногория","2014","18.0",
"43","Уровень безработицы, %","Уровень безработицы","Проценты","499","MNE","Черногория","2015","17.6",
"43","Уровень безработицы, %","Уровень безработицы","Проценты","499","MNE","Черногория","2016","17.7",
"43","Уровень безработицы, %","Уровень безработицы","Проценты","499","MNE","Черногория","2017","16.1",
"43","Уровень безработицы, %","Уровень безработицы","Проценты","499","MNE","Черногория","2018","15.2",
"43","Уровень безработицы, %","Уровень безработицы","Проценты","499","MNE","Черногория","2019","..",
"43","Уровень безработицы, %","Уровень безработицы","Проценты","499","MNE","Черногория","2020","..",
"43","Уровень безработицы, %","Уровень безработицы","Проценты","203","CZE","Чехия","2005","7.9",
"43","Уровень безработицы, %","Уровень безработицы","Проценты","203","CZE","Чехия","2006","7.2",
"43","Уровень безработицы, %","Уровень безработицы","Проценты","203","CZE","Чехия","2007","5.3",
"43","Уровень безработицы, %","Уровень безработицы","Проценты","203","CZE","Чехия","2008","4.4",
"43","Уровень безработицы, %","Уровень безработицы","Проценты","203","CZE","Чехия","2009","6.7",
"43","Уровень безработицы, %","Уровень безработицы","Проценты","203","CZE","Чехия","2010","7.3",
"43","Уровень безработицы, %","Уровень безработицы","Проценты","203","CZE","Чехия","2011","6.7",
"43","Уровень безработицы, %","Уровень безработицы","Проценты","203","CZE","Чехия","2012","7.0",
"43","Уровень безработицы, %","Уровень безработицы","Проценты","203","CZE","Чехия","2013","7.0",
"43","Уровень безработицы, %","Уровень безработицы","Проценты","203","CZE","Чехия","2014","6.1",
"43","Уровень безработицы, %","Уровень безработицы","Проценты","203","CZE","Чехия","2015","5.1",
"43","Уровень безработицы, %","Уровень безработицы","Проценты","203","CZE","Чехия","2016","4.0",
"43","Уровень безработицы, %","Уровень безработицы","Проценты","203","CZE","Чехия","2017","2.9",
"43","Уровень безработицы, %","Уровень безработицы","Проценты","203","CZE","Чехия","2018","2.2",
"43","Уровень безработицы, %","Уровень безработицы","Проценты","203","CZE","Чехия","2019","2.0",
"43","Уровень безработицы, %","Уровень безработицы","Проценты","203","CZE","Чехия","2020","2.6",
"43","Уровень безработицы, %","Уровень безработицы","Проценты","756","CHE","Швейцария","2005","4.5",
"43","Уровень безработицы, %","Уровень безработицы","Проценты","756","CHE","Швейцария","2006","4.1",
"43","Уровень безработицы, %","Уровень безработицы","Проценты","756","CHE","Швейцария","2007","3.7",
"43","Уровень безработицы, %","Уровень безработицы","Проценты","756","CHE","Швейцария","2008","3.4",
"43","Уровень безработицы, %","Уровень безработицы","Проценты","756","CHE","Швейцария","2009","4.3",
"43","Уровень безработицы, %","Уровень безработицы","Проценты","756","CHE","Швейцария","2010","4.8",
"43","Уровень безработицы, %","Уровень безработицы","Проценты","756","CHE","Швейцария","2011","4.4",
"43","Уровень безработицы, %","Уровень безработицы","Проценты","756","CHE","Швейцария","2012","4.5",
"43","Уровень безработицы, %","Уровень безработицы","Проценты","756","CHE","Швейцария","2013","4.8",
"43","Уровень безработицы, %","Уровень безработицы","Проценты","756","CHE","Швейцария","2014","4.8",
"43","Уровень безработицы, %","Уровень безработицы","Проценты","756","CHE","Швейцария","2015","4.8",
"43","Уровень безработицы, %","Уровень безработицы","Проценты","756","CHE","Швейцария","2016","4.9",
"43","Уровень безработицы, %","Уровень безработицы","Проценты","756","CHE","Швейцария","2017","4.8",
"43","Уровень безработицы, %","Уровень безработицы","Проценты","756","CHE","Швейцария","2018","4.7",
"43","Уровень безработицы, %","Уровень безработицы","Проценты","756","CHE","Швейцария","2019","4.4",
"43","Уровень безработицы, %","Уровень безработицы","Проценты","756","CHE","Швейцария","2020","..",
"43","Уровень безработицы, %","Уровень безработицы","Проценты","752","SWE","Швеция","2005","7.5",
"43","Уровень безработицы, %","Уровень безработицы","Проценты","752","SWE","Швеция","2006","7.1",
"43","Уровень безработицы, %","Уровень безработицы","Проценты","752","SWE","Швеция","2007","6.2",
"43","Уровень безработицы, %","Уровень безработицы","Проценты","752","SWE","Швеция","2008","6.2",
"43","Уровень безработицы, %","Уровень безработицы","Проценты","752","SWE","Швеция","2009","8.4",
"43","Уровень безработицы, %","Уровень безработицы","Проценты","752","SWE","Швеция","2010","8.6",
"43","Уровень безработицы, %","Уровень безработицы","Проценты","752","SWE","Швеция","2011","7.8",
"43","Уровень безработицы, %","Уровень безработицы","Проценты","752","SWE","Швеция","2012","8.0",
"43","Уровень безработицы, %","Уровень безработицы","Проценты","752","SWE","Швеция","2013","8.1",
"43","Уровень безработицы, %","Уровень безработицы","Проценты","752","SWE","Швеция","2014","8.0",
"43","Уровень безработицы, %","Уровень безработицы","Проценты","752","SWE","Швеция","2015","7.4",
"43","Уровень безработицы, %","Уровень безработицы","Проценты","752","SWE","Швеция","2016","7.0",
"43","Уровень безработицы, %","Уровень безработицы","Проценты","752","SWE","Швеция","2017","6.7",
"43","Уровень безработицы, %","Уровень безработицы","Проценты","752","SWE","Швеция","2018","6.4",
"43","Уровень безработицы, %","Уровень безработицы","Проценты","752","SWE","Швеция","2019","6.8",
"43","Уровень безработицы, %","Уровень безработицы","Проценты","752","SWE","Швеция","2020","8.3",
"43","Уровень безработицы, %","Уровень безработицы","Проценты","233","EST","Эстония","2005","8.0",
"43","Уровень безработицы, %","Уровень безработицы","Проценты","233","EST","Эстония","2006","5.9",
"43","Уровень безработицы, %","Уровень безработицы","Проценты","233","EST","Эстония","2007","4.6",
"43","Уровень безработицы, %","Уровень безработицы","Проценты","233","EST","Эстония","2008","5.5",
"43","Уровень безработицы, %","Уровень безработицы","Проценты","233","EST","Эстония","2009","13.5",
"43","Уровень безработицы, %","Уровень безработицы","Проценты","233","EST","Эстония","2010","16.6",
"43","Уровень безработицы, %","Уровень безработицы","Проценты","233","EST","Эстония","2011","12.3",
"43","Уровень безработицы, %","Уровень безработицы","Проценты","233","EST","Эстония","2012","9.9",
"43","Уровень безработицы, %","Уровень безработицы","Проценты","233","EST","Эстония","2013","8.6",
"43","Уровень безработицы, %","Уровень безработицы","Проценты","233","EST","Эстония","2014","7.3",
"43","Уровень безработицы, %","Уровень безработицы","Проценты","233","EST","Эстония","2015","6.4",
"43","Уровень безработицы, %","Уровень безработицы","Проценты","233","EST","Эстония","2016","6.8",
"43","Уровень безработицы, %","Уровень безработицы","Проценты","233","EST","Эстония","2017","5.8",
"43","Уровень безработицы, %","Уровень безработицы","Проценты","233","EST","Эстония","2018","5.4",
"43","Уровень безработицы, %","Уровень безработицы","Проценты","233","EST","Эстония","2019","4.5",
"43","Уровень безработицы, %","Уровень безработицы","Проценты","233","EST","Эстония","2020","6.9",
